date,week_start,week_end,question,raw_column
2004-01-01,2004-01-11,2004-01-17,EMP_STATUS_2004.03,E0012403
2004-02-01,2004-02-15,2004-02-21,EMP_STATUS_2004.08,E0012408
2004-03-01,2004-03-14,2004-03-20,EMP_STATUS_2004.12,E0012412
2004-04-01,2004-04-11,2004-04-17,EMP_STATUS_2004.16,E0012416
2004-05-01,2004-05-09,2004-05-15,EMP_STATUS_2004.20,E0012420
2004-06-01,2004-06-13,2004-06-19,EMP_STATUS_2004.25,E0012425
2004-07-01,2004-07-11,2004-07-17,EMP_STATUS_2004.29,E0012429
2004-08-01,2004-08-15,2004-08-21,EMP_STATUS_2004.34,E0012434
2004-09-01,2004-09-12,2004-09-18,EMP_STATUS_2004.38,E0012438
2004-10-01,2004-10-10,2004-10-16,EMP_STATUS_2004.42,E0012442
2004-11-01,2004-11-14,2004-11-20,EMP_STATUS_2004.47,E0012447
2004-12-01,2004-12-12,2004-12-18,EMP_STATUS_2004.51,E0012451
2005-01-01,2005-01-09,2005-01-15,EMP_STATUS_2005.03,E0012503
2005-02-01,2005-02-13,2005-02-19,EMP_STATUS_2005.08,E0012508
2005-03-01,2005-03-13,2005-03-19,EMP_STATUS_2005.12,E0012512
2005-04-01,2005-04-10,2005-04-16,EMP_STATUS_2005.16,E0012516
2005-05-01,2005-05-15,2005-05-21,EMP_STATUS_2005.21,E0012521
2005-06-01,2005-06-12,2005-06-18,EMP_STATUS_2005.25,E0012525
2005-07-01,2005-07-10,2005-07-16,EMP_STATUS_2005.29,E0012529
2005-08-01,2005-08-14,2005-08-20,EMP_STATUS_2005.34,E0012534
2005-09-01,2005-09-11,2005-09-17,EMP_STATUS_2005.38,E0012538
2005-10-01,2005-10-09,2005-10-15,EMP_STATUS_2005.42,E0012542
2005-11-01,2005-11-13,2005-11-19,EMP_STATUS_2005.47,E0012547
2005-12-01,2005-12-11,2005-12-17,EMP_STATUS_2005.51,E0012551
2006-01-01,2006-01-15,2006-01-21,EMP_STATUS_2006.03,E0012603
2006-02-01,2006-02-12,2006-02-18,EMP_STATUS_2006.07,E0012607
2006-03-01,2006-03-12,2006-03-18,EMP_STATUS_2006.11,E0012611
2006-04-01,2006-04-09,2006-04-15,EMP_STATUS_2006.15,E0012615
2006-05-01,2006-05-14,2006-05-20,EMP_STATUS_2006.20,E0012620
2006-06-01,2006-06-11,2006-06-17,EMP_STATUS_2006.24,E0012624
2006-07-01,2006-07-09,2006-07-15,EMP_STATUS_2006.28,E0012628
2006-08-01,2006-08-13,2006-08-19,EMP_STATUS_2006.33,E0012633
2006-09-01,2006-09-10,2006-09-16,EMP_STATUS_2006.37,E0012637
2006-10-01,2006-10-15,2006-10-21,EMP_STATUS_2006.42,E0012642
2006-11-01,2006-11-12,2006-11-18,EMP_STATUS_2006.46,E0012646
2006-12-01,2006-12-10,2006-12-16,EMP_STATUS_2006.50,E0012650
2007-01-01,2007-01-14,2007-01-20,EMP_STATUS_2007.03,E0012703
2007-02-01,2007-02-11,2007-02-17,EMP_STATUS_2007.07,E0012707
2007-03-01,2007-03-11,2007-03-17,EMP_STATUS_2007.11,E0012711
2007-04-01,2007-04-15,2007-04-21,EMP_STATUS_2007.16,E0012716
2007-05-01,2007-05-13,2007-05-19,EMP_STATUS_2007.20,E0012720
2007-06-01,2007-06-10,2007-06-16,EMP_STATUS_2007.24,E0012724
2007-07-01,2007-07-15,2007-07-21,EMP_STATUS_2007.29,E0012729
2007-08-01,2007-08-12,2007-08-18,EMP_STATUS_2007.33,E0012733
2007-09-01,2007-09-09,2007-09-15,EMP_STATUS_2007.37,E0012737
2007-10-01,2007-10-14,2007-10-20,EMP_STATUS_2007.42,E0012742
2007-11-01,2007-11-11,2007-11-17,EMP_STATUS_2007.46,E0012746
2007-12-01,2007-12-09,2007-12-15,EMP_STATUS_2007.50,E0012750
2008-01-01,2008-01-13,2008-01-19,EMP_STATUS_2008.03,E0012803
2008-02-01,2008-02-10,2008-02-16,EMP_STATUS_2008.07,E0012807
2008-03-01,2008-03-09,2008-03-15,EMP_STATUS_2008.11,E0012811
2008-04-01,2008-04-13,2008-04-19,EMP_STATUS_2008.16,E0012816
2008-05-01,2008-05-11,2008-05-17,EMP_STATUS_2008.20,E0012820
2008-06-01,2008-06-15,2008-06-21,EMP_STATUS_2008.25,E0012825
2008-07-01,2008-07-13,2008-07-19,EMP_STATUS_2008.29,E0012829
2008-08-01,2008-08-10,2008-08-16,EMP_STATUS_2008.33,E0012833
2008-09-01,2008-09-14,2008-09-20,EMP_STATUS_2008.38,E0012838
2008-10-01,2008-10-12,2008-10-18,EMP_STATUS_2008.42,E0012842
2008-11-01,2008-11-09,2008-11-15,EMP_STATUS_2008.46,E0012846
2008-12-01,2008-12-14,2008-12-20,EMP_STATUS_2008.51,E0012851
2009-01-01,2009-01-11,2009-01-17,EMP_STATUS_2009.03,E0012903
2009-02-01,2009-02-15,2009-02-21,EMP_STATUS_2009.08,E0012908
2009-03-01,2009-03-15,2009-03-21,EMP_STATUS_2009.12,E0012912
2009-04-01,2009-04-12,2009-04-18,EMP_STATUS_2009.16,E0012916
2009-05-01,2009-05-10,2009-05-16,EMP_STATUS_2009.20,E0012920
2009-06-01,2009-06-14,2009-06-20,EMP_STATUS_2009.25,E0012925
2009-07-01,2009-07-12,2009-07-18,EMP_STATUS_2009.29,E0012929
2009-08-01,2009-08-09,2009-08-15,EMP_STATUS_2009.33,E0012933
2009-09-01,2009-09-13,2009-09-19,EMP_STATUS_2009.38,E0012938
2009-10-01,2009-10-11,2009-10-17,EMP_STATUS_2009.42,E0012942
2009-11-01,2009-11-15,2009-11-21,EMP_STATUS_2009.47,E0012947
2009-12-01,2009-12-13,2009-12-19,EMP_STATUS_2009.51,E0012951
2010-01-01,2010-01-10,2010-01-16,EMP_STATUS_2010.03,E0013003
2010-02-01,2010-02-14,2010-02-20,EMP_STATUS_2010.08,E0013008
2010-03-01,2010-03-14,2010-03-20,EMP_STATUS_2010.12,E0013012
2010-04-01,2010-04-11,2010-04-17,EMP_STATUS_2010.16,E0013016
2010-05-01,2010-05-09,2010-05-15,EMP_STATUS_2010.20,E0013020
2010-06-01,2010-06-13,2010-06-19,EMP_STATUS_2010.25,E0013025
2010-07-01,2010-07-11,2010-07-17,EMP_STATUS_2010.29,E0013029
2010-08-01,2010-08-15,2010-08-21,EMP_STATUS_2010.34,E0013034
2010-09-01,2010-09-12,2010-09-18,EMP_STATUS_2010.38,E0013038
2010-10-01,2010-10-10,2010-10-16,EMP_STATUS_2010.42,E0013042
2010-11-01,2010-11-14,2010-11-20,EMP_STATUS_2010.47,E0013047
2010-12-01,2010-12-12,2010-12-18,EMP_STATUS_2010.51,E0013051
2011-01-01,2011-01-09,2011-01-15,EMP_STATUS_2011.03,E0013103
2011-02-01,2011-02-13,2011-02-19,EMP_STATUS_2011.08,E0013108
2011-03-01,2011-03-13,2011-03-19,EMP_STATUS_2011.12,E0013112
2011-04-01,2011-04-10,2011-04-16,EMP_STATUS_2011.16,E0013116
2011-05-01,2011-05-15,2011-05-21,EMP_STATUS_2011.21,E0013121
2011-06-01,2011-06-12,2011-06-18,EMP_STATUS_2011.25,E0013125
2011-07-01,2011-07-10,2011-07-16,EMP_STATUS_2011.29,E0013129
2011-08-01,2011-08-14,2011-08-20,EMP_STATUS_2011.34,E0013134
2011-09-01,2011-09-11,2011-09-17,EMP_STATUS_2011.38,E0013138
2011-10-01,2011-10-09,2011-10-15,EMP_STATUS_2011.42,E0013142
2011-11-01,2011-11-13,2011-11-19,EMP_STATUS_2011.47,E0013147
2011-12-01,2011-12-11,2011-12-17,EMP_STATUS_2011.51,E0013151
2012-01-01,2012-01-15,2012-01-21,EMP_STATUS_2012.03,E0013203
2012-02-01,2012-02-12,2012-02-18,EMP_STATUS_2012.07,E0013207
2012-03-01,2012-03-11,2012-03-17,EMP_STATUS_2012.11,E0013211
2012-04-01,2012-04-15,2012-04-21,EMP_STATUS_2012.16,E0013216
2012-05-01,2012-05-13,2012-05-19,EMP_STATUS_2012.20,E0013220
2012-06-01,2012-06-10,2012-06-16,EMP_STATUS_2012.24,E0013224
2012-07-01,2012-07-15,2012-07-21,EMP_STATUS_2012.29,E0013229
2012-08-01,2012-08-12,2012-08-18,EMP_STATUS_2012.33,E0013233
2012-09-01,2012-09-09,2012-09-15,EMP_STATUS_2012.37,E0013237
2012-10-01,2012-10-14,2012-10-20,EMP_STATUS_2012.42,E0013242
2012-11-01,2012-11-11,2012-11-17,EMP_STATUS_2012.46,E0013246
2012-12-01,2012-12-09,2012-12-15,EMP_STATUS_2012.50,E0013250
2013-01-01,2013-01-13,2013-01-19,EMP_STATUS_2013.03,E0013303
2013-02-01,2013-02-10,2013-02-16,EMP_STATUS_2013.07,E0013307
2013-03-01,2013-03-10,2013-03-16,EMP_STATUS_2013.11,E0013311
2013-04-01,2013-04-14,2013-04-20,EMP_STATUS_2013.16,E0013316
2013-05-01,2013-05-12,2013-05-18,EMP_STATUS_2013.20,E0013320
2013-06-01,2013-06-09,2013-06-15,EMP_STATUS_2013.24,E0013324
2013-07-01,2013-07-14,2013-07-20,EMP_STATUS_2013.29,E0013329
2013-08-01,2013-08-11,2013-08-17,EMP_STATUS_2013.33,E0013333
2013-09-01,2013-09-15,2013-09-21,EMP_STATUS_2013.38,E0013338
2013-10-01,2013-10-13,2013-10-19,EMP_STATUS_2013.42,E0013342
2013-11-01,2013-11-10,2013-11-16,EMP_STATUS_2013.46,E0013346
2013-12-01,2013-12-15,2013-12-21,EMP_STATUS_2013.51,E0013351
2014-01-01,2014-01-12,2014-01-18,EMP_STATUS_2014.03,E0013403
2014-02-01,2014-02-09,2014-02-15,EMP_STATUS_2014.07,E0013407
2014-03-01,2014-03-09,2014-03-15,EMP_STATUS_2014.11,E0013411
2014-04-01,2014-04-13,2014-04-19,EMP_STATUS_2014.16,E0013416
2014-05-01,2014-05-11,2014-05-17,EMP_STATUS_2014.20,E0013420
2014-06-01,2014-06-15,2014-06-21,EMP_STATUS_2014.25,E0013425
2014-07-01,2014-07-13,2014-07-19,EMP_STATUS_2014.29,E0013429
2014-08-01,2014-08-10,2014-08-16,EMP_STATUS_2014.33,E0013433
2014-09-01,2014-09-14,2014-09-20,EMP_STATUS_2014.38,E0013438
2014-10-01,2014-10-12,2014-10-18,EMP_STATUS_2014.42,E0013442
2014-11-01,2014-11-09,2014-11-15,EMP_STATUS_2014.46,E0013446
2014-12-01,2014-12-14,2014-12-20,EMP_STATUS_2014.51,E0013451
2015-01-01,2015-01-11,2015-01-17,EMP_STATUS_2015.03,E0013503
2015-02-01,2015-02-15,2015-02-21,EMP_STATUS_2015.08,E0013508
2015-03-01,2015-03-15,2015-03-21,EMP_STATUS_2015.12,E0013512
2015-04-01,2015-04-12,2015-04-18,EMP_STATUS_2015.16,E0013516
2015-05-01,2015-05-10,2015-05-16,EMP_STATUS_2015.20,E0013520
2015-06-01,2015-06-14,2015-06-20,EMP_STATUS_2015.25,E0013525
2015-07-01,2015-07-12,2015-07-18,EMP_STATUS_2015.29,E0013529
2015-08-01,2015-08-09,2015-08-15,EMP_STATUS_2015.33,E0013533
2015-09-01,2015-09-13,2015-09-19,EMP_STATUS_2015.38,E0013538
2015-10-01,2015-10-11,2015-10-17,EMP_STATUS_2015.42,E0013542
2015-11-01,2015-11-15,2015-11-21,EMP_STATUS_2015.47,E0013547
2015-12-01,2015-12-13,2015-12-19,EMP_STATUS_2015.51,E0013551
2016-01-01,2016-01-10,2016-01-16,EMP_STATUS_2016.03,E0013603
2016-02-01,2016-02-14,2016-02-20,EMP_STATUS_2016.08,E0013608
2016-03-01,2016-03-13,2016-03-19,EMP_STATUS_2016.12,E0013612
2016-04-01,2016-04-10,2016-04-16,EMP_STATUS_2016.16,E0013616
2016-05-01,2016-05-15,2016-05-21,EMP_STATUS_2016.21,E0013621
2016-06-01,2016-06-12,2016-06-18,EMP_STATUS_2016.25,E0013625
2016-07-01,2016-07-10,2016-07-16,EMP_STATUS_2016.29,E0013629
2016-08-01,2016-08-14,2016-08-20,EMP_STATUS_2016.34,E0013634
2016-09-01,2016-09-11,2016-09-17,EMP_STATUS_2016.38,E0013638
2016-10-01,2016-10-09,2016-10-15,EMP_STATUS_2016.42,E0013642
2016-11-01,2016-11-13,2016-11-19,EMP_STATUS_2016.47,E0013647
2016-12-01,2016-12-11,2016-12-17,EMP_STATUS_2016.51,E0013651
2017-01-01,2017-01-15,2017-01-21,EMP_STATUS_2017.03,E0013703
2017-02-01,2017-02-12,2017-02-18,EMP_STATUS_2017.07,E0013707
2017-03-01,2017-03-12,2017-03-18,EMP_STATUS_2017.11,E0013711
2017-04-01,2017-04-09,2017-04-15,EMP_STATUS_2017.15,E0013715
2017-05-01,2017-05-14,2017-05-20,EMP_STATUS_2017.20,E0013720
2017-06-01,2017-06-11,2017-06-17,EMP_STATUS_2017.24,E0013724
2017-07-01,2017-07-09,2017-07-15,EMP_STATUS_2017.28,E0013728
2017-08-01,2017-08-13,2017-08-19,EMP_STATUS_2017.33,E0013733
2017-09-01,2017-09-10,2017-09-16,EMP_STATUS_2017.37,E0013737
2017-10-01,2017-10-15,2017-10-21,EMP_STATUS_2017.42,E0013742
2017-11-01,2017-11-12,2017-11-18,EMP_STATUS_2017.46,E0013746
2017-12-01,2017-12-10,2017-12-16,EMP_STATUS_2017.50,E0013750
2018-01-01,2018-01-14,2018-01-20,EMP_STATUS_2018.03,E0013803
2018-02-01,2018-02-11,2018-02-17,EMP_STATUS_2018.07,E0013807
2018-03-01,2018-03-11,2018-03-17,EMP_STATUS_2018.11,E0013811
2018-04-01,2018-04-15,2018-04-21,EMP_STATUS_2018.16,E0013816
2018-05-01,2018-05-13,2018-05-19,EMP_STATUS_2018.20,E0013820
2018-06-01,2018-06-10,2018-06-16,EMP_STATUS_2018.24,E0013824
2018-07-01,2018-07-15,2018-07-21,EMP_STATUS_2018.29,E0013829
2018-08-01,2018-08-12,2018-08-18,EMP_STATUS_2018.33,E0013833
2018-09-01,2018-09-09,2018-09-15,EMP_STATUS_2018.37,E0013837
2018-10-01,2018-10-14,2018-10-20,EMP_STATUS_2018.42,E0013842
2018-11-01,2018-11-11,2018-11-17,EMP_STATUS_2018.46,E0013846
2018-12-01,2018-12-09,2018-12-15,EMP_STATUS_2018.50,E0013850
2019-01-01,2019-01-13,2019-01-19,EMP_STATUS_2019.03,E0013903
2019-02-01,2019-02-10,2019-02-16,EMP_STATUS_2019.07,E0013907
2019-03-01,2019-03-10,2019-03-16,EMP_STATUS_2019.11,E0013911
2019-04-01,2019-04-14,2019-04-20,EMP_STATUS_2019.16,E0013916
2019-05-01,2019-05-12,2019-05-18,EMP_STATUS_2019.20,E0013920
2019-06-01,2019-06-09,2019-06-15,EMP_STATUS_2019.24,E0013924
2019-07-01,2019-07-14,2019-07-20,EMP_STATUS_2019.29,E0013929
2019-08-01,2019-08-11,2019-08-17,EMP_STATUS_2019.33,E0013933
2019-09-01,2019-09-15,2019-09-21,EMP_STATUS_2019.38,E0013938
2019-10-01,2019-10-13,2019-10-19,EMP_STATUS_2019.42,E0013942
2019-11-01,2019-11-10,2019-11-16,EMP_STATUS_2019.46,E0013946
2019-12-01,2019-12-15,2019-12-21,EMP_STATUS_2019.51,E0013951
2020-01-01,2020-01-12,2020-01-18,EMP_STATUS_2020.03,E0014003
2020-02-01,2020-02-09,2020-02-15,EMP_STATUS_2020.07,E0014007
2020-03-01,2020-03-15,2020-03-21,EMP_STATUS_2020.12,E0014012
2020-04-01,2020-04-12,2020-04-18,EMP_STATUS_2020.16,E0014016
2020-05-01,2020-05-10,2020-05-16,EMP_STATUS_2020.20,E0014020
2020-06-01,2020-06-14,2020-06-20,EMP_STATUS_2020.25,E0014025
2020-07-01,2020-07-12,2020-07-18,EMP_STATUS_2020.29,E0014029
2020-08-01,2020-08-09,2020-08-15,EMP_STATUS_2020.33,E0014033
2020-09-01,2020-09-13,2020-09-19,EMP_STATUS_2020.38,E0014038
2020-10-01,2020-10-11,2020-10-17,EMP_STATUS_2020.42,E0014042
2020-11-01,2020-11-15,2020-11-21,EMP_STATUS_2020.47,E0014047
2020-12-01,2020-12-13,2020-12-19,EMP_STATUS_2020.51,E0014051
2021-01-01,2021-01-10,2021-01-16,EMP_STATUS_2021.03,E0014103
2021-02-01,2021-02-14,2021-02-20,EMP_STATUS_2021.08,E0014108
2021-03-01,2021-03-14,2021-03-20,EMP_STATUS_2021.12,E0014112
2021-04-01,2021-04-11,2021-04-17,EMP_STATUS_2021.16,E0014116
2021-05-01,2021-05-09,2021-05-15,EMP_STATUS_2021.20,E0014120
2021-06-01,2021-06-13,2021-06-19,EMP_STATUS_2021.25,E0014125
2021-07-01,2021-07-11,2021-07-17,EMP_STATUS_2021.29,E0014129
2021-08-01,2021-08-15,2021-08-21,EMP_STATUS_2021.34,E0014134
2021-09-01,2021-09-12,2021-09-18,EMP_STATUS_2021.38,E0014138
2021-10-01,2021-10-10,2021-10-16,EMP_STATUS_2021.42,E0014142
2021-11-01,2021-11-14,2021-11-20,EMP_STATUS_2021.47,E0014147
2021-12-01,2021-12-12,2021-12-18,EMP_STATUS_2021.51,E0014151
2022-01-01,2022-01-09,2022-01-15,EMP_STATUS_2022.03,E0014203
2022-02-01,2022-02-13,2022-02-19,EMP_STATUS_2022.08,E0014208
2022-03-01,2022-03-13,2022-03-19,EMP_STATUS_2022.12,E0014212
2022-04-01,2022-04-10,2022-04-16,EMP_STATUS_2022.16,E0014216
2022-05-01,2022-05-15,2022-05-21,EMP_STATUS_2022.21,E0014221
2022-06-01,2022-06-12,2022-06-18,EMP_STATUS_2022.25,E0014225
2022-07-01,2022-07-10,2022-07-16,EMP_STATUS_2022.29,E0014229
2022-08-01,2022-08-14,2022-08-20,EMP_STATUS_2022.34,E0014234
2022-09-01,2022-09-11,2022-09-17,EMP_STATUS_2022.38,E0014238
2022-10-01,2022-10-09,2022-10-15,EMP_STATUS_2022.42,E0014242
2022-11-01,2022-11-13,2022-11-19,EMP_STATUS_2022.47,E0014247
2022-12-01,2022-12-11,2022-12-17,EMP_STATUS_2022.51,E0014251
